番号,152,
名前,キクリ,
呼び名,キクリ,
基礎,体力,2600
基礎,気力,1500
基礎,勃起,1500
基礎,精力,10000
基礎,法力,1000
基礎,情緒,1500
基礎,理性,1000
基礎,憤怒,1000
基礎,工作量,0
基礎,深度,2000
基礎,酒気,1500
素質,処女,0
素質,無接吻経験,1
素質,性別,1

素質,神霊,1;god

素質,態度,-1;素直
素質,性的兴趣,1;好奇心
素質,開朗／阴郁,1; 楽観的
素質,人気,1
素質,舌頭靈活,1
素質,Ｂ感度,-1
素質,Ｍ感度,-1

能力,清掃技能,2
能力,話術技能,1
能力,戦闘能力,4
能力,教養,3
能力,料理技能,1
能力,音楽技能,0
素質,伐採Lv,0
素質,釣魚Lv,0
素質,採集Lv,0
素質,調合Lv,1
素質,禁断的知識,1
能力,Ｃ感覚,1
能力,Ｖ感覚,1
能力,Ｂ感覚,1
能力,Ｍ感覚,1
能力,欲望,2
能力,舌,5
能力,奉仕精神,1
能力,百合属性,2
能力,露出癖,1

経験,絶頂経験,50
経験,苦痛快楽経験,30
経験,Ｖ性交経験,3
経験,異常経験,256




フラグ,地位,0;地位
フラグ,初期位置,928;開始位置
フラグ,来訪時間,540;9時
フラグ,帰宅時間,1200;20時
フラグ,起床時間,540;9時
フラグ,就寝時間,1200;20時
;フラグ,自宅位置,0
;CSTR,工作情報,
;CSTR,職場,
CSTR,10,～HellMoon～　●Race:God

フラグ,移動節度,-1
