番号,139,
名前,菅牧 典,
呼び名,典,
基礎,体力,1600
基礎,気力,2000
基礎,勃起,1500
基礎,精力,10000
基礎,法力,1000
基礎,情緒,1500
基礎,理性,1000
基礎,憤怒,1000
基礎,工作量,0
基礎,深度,2000
基礎,酒気,1600
素質,処女,1
素質,性別,1
素質,態度,-1;坦率
素質,性的兴趣,1;好奇心
素質,貞操,-1;不在乎貞操
素質,痛覚,1;怕痛
素質,習得速度,1;学習快
素質,献身的,1
素質,小悪魔,1
素質,魅惑,1
素質,Ｖ感度,1;Ｖ敏感
素質,胸圍,-1;貧乳
素質,鼓舞,1
素質,動物耳,1
素質,妖怪,6;妖獣
能力,親密,1
能力,欲望,3
能力,奉仕精神,2

能力,清掃技能,0
能力,話術技能,5
能力,戦闘能力,2
能力,教養,3
能力,料理技能,0
能力,音楽技能,1
素質,伐採Lv,0
素質,釣魚Lv,1
素質,採集Lv,1
素質,調合Lv,3

フラグ,基本服装セット,239;服装
フラグ,地位,1000;地位
フラグ,初期位置,854
フラグ,起床時間,480;8時
フラグ,来訪時間,720;12時
フラグ,帰宅時間,1320;22時
フラグ,就寝時間,120;2時
フラグ,經常去的地方,8;山頂
フラグ,自宅位置,820;絶景之丘
;フラグ,移動率補正,
フラグ,移動節度,-1
フラグ,口調,1
フラグ,別顔有,1
相性,140,150;龍
相性,142,120;百百世
;CSTR,工作情報,
;CSTR,職場,
CSTR,10,～耳元で囁く邪悪の白狐～　●種族：管狐　●能力：抓住灵魂弱点乘虚而入程度的能力

;フラグ,産休タイプ,