番号,15,;1-1
名前,十六夜 咲夜,
呼び名,咲夜,
基礎,体力,2000
基礎,気力,1400
基礎,勃起,1500
基礎,精力,10000
基礎,法力,2500
基礎,情緒,1500
基礎,理性,1000
基礎,憤怒,1000
基礎,工作量,0
基礎,深度,2000
基礎,酒気,2000
素質,性別,1
素質,胆量,1;堅強
素質,自尊心,1;自尊心高
素質,自制心,1
素質,貞操,-1;不在乎貞操
素質,痛覚,-1;不怕痛
素質,献身的,1
素質,容易中毒,1
素質,倒錯的,1
素質,施虐狂,1
素質,Ｖ感度,-1;Ｖ鈍感
素質,Ｍ感度,1;Ｍ敏感
素質,酒耐性,1;擅于喝酒
素質,人类,1
素質,追加種族,3;女僕
素質,掃除係,1
能力,Ｖ感覚,1
能力,技巧,2
能力,奉仕精神,2
能力,受虐属性,1
能力,施虐属性,2
能力,百合属性,3
能力,舌,1

能力,清掃技能,5
能力,話術技能,1
能力,戦闘能力,3
能力,教養,2
能力,料理技能,5
能力,音楽技能,2
素質,伐採Lv,3
素質,釣魚Lv,0
素質,採集Lv,1
素質,調合Lv,1

経験,Ｖ経験,100
経験,絶頂経験,2
経験,口淫経験,25
経験,異常経験,1
経験,緊縛経験,20
経験,清掃経験,200
フラグ,基本服装セット,115;服装
フラグ,地位,700;地位
フラグ,初期位置,320;開始位置;EX
フラグ,来訪時間,480;8時
フラグ,帰宅時間,1200;20時
フラグ,就寝時間,180;3時
フラグ,起床時間,420;7時
フラグ,經常去的地方,3
フラグ,自宅位置,350;大廳
フラグ,移動節度,1
フラグ,弾幕特能,67
フラグ,口調,1
フラグ,別顔有,2
相性,16,200;蕾米莉亜
相性,58,130;美鈴

CSTR,工作情報,掃除和炊飯　月水金　8時～12時　17時～19時
CSTR,職場,紅魔館大廳と食堂
CSTR,10,～完美而瀟洒的女僕～　●種族：人類　●能力：操纵时间程度的能力