番号,146,
名前,エリス,
呼び名,エリス,

基礎,体力,2100
基礎,気力,1700
基礎,勃起,1500
基礎,精力,10000
基礎,法力,1000
基礎,情緒,1500
基礎,理性,1000
基礎,憤怒,1000
基礎,工作量,0
基礎,深度,2000
基礎,酒気,1500

素質,性別,1

素質,胸圍,-1
素質,応答,-1;生意気
素質,性的兴趣,1;好奇心
素質,開朗／阴郁,1;陽気
素質,喜歡引人注目,1
素質,貞操,-1;貞操無頓着
素質,自己愛,1;解放
素質,羞恥心,-1;恥薄い
素質,習得速度,1;習得早い
素質,舌頭靈活,1
素質,擅長用針,1
素質,汚臭耐性,2;汚れ無視
素質,快感応答,1;快感に素直
素質,施虐狂,1
素質,性別嗜好,-1;両刀
素質,魅力,1
素質,魅惑,1
素質,小悪魔,1
素質,鼓舞,1
素質,具現,1
素質,回復速度,1;回復早い
素質,妖怪,9 ;悪魔

能力,Ｃ感覚,2
能力,Ｂ感覚,1
能力,Ｍ感覚,1
能力,欲望,2
能力,指,1
能力,胸,1
能力,膣,1
能力,腰,1
能力,舌,5
能力,奉仕精神,1
能力,百合属性,2
能力,施虐属性,2

経験,絶頂経験,50
経験,苦痛快楽経験,10
経験,緊縛経験,15
経験,口淫経験,30
経験,膣射経験,15
経験,精飲経験,15
経験,Ｖ性交経験,30
経験,異常経験,50
経験,精液経験,200
経験,自慰経験,50

能力,清掃技能,1
能力,話術技能,1
能力,戦闘能力,3
能力,教養,2
能力,料理技能,1
能力,音楽技能,0
素質,伐採Lv,0
素質,釣魚Lv,0
素質,採集Lv,0
素質,調合Lv,2


相性,147,300 ;sariel
相性,59,110 ;koa
相性,116,110 ;mugetsu
相性,117,110 ;gengetsu
相性,102,150 ;shinki

フラグ,基本服装セット,236;服装
フラグ,地位,800;地位
フラグ,初期位置,852;開始位置
フラグ,来訪時間,1080;18時 demon of the night
フラグ,帰宅時間,360;6時
フラグ,起床時間,1080;18時
フラグ,就寝時間,360;6時
フラグ,自宅位置,820
フラグ,經常去的地方,-1
;CSTR,工作情報,
;CSTR,職場,
フラグ,口調,2
フラグ,弾幕特能,328

CSTR,10,～Innocence Devil～　●Race:Devil　●Ability:Can turn into a bat

フラグ,移動節度,-1
