番号,134,
名前,奥野田 美宵,
呼び名,美宵,
基礎,体力,1900
基礎,気力,2000
基礎,勃起,1500
基礎,精力,10000
基礎,法力,1000
基礎,情緒,1500
基礎,理性,1000
基礎,憤怒,1000
基礎,工作量,0
基礎,深度,2000
基礎,酒気,1600
素質,処女,1
素質,性別,1
素質,自尊心,-1;自尊心低
素質,性的兴趣,-1;保守的
素質,開朗／阴郁,1;開朗
素質,汚臭耐性,-1;汚臭敏感
素質,献身的,1
素質,魅力,1
素質,Ｂ感度,1
素質,胸圍,1;巨乳
素質,酒耐性,3;海量
素質,鼓舞,1
素質,妖怪,11
能力,親密,1
能力,従順,1

能力,清掃技能,1
能力,話術技能,2
能力,戦闘能力,1
能力,教養,2
能力,料理技能,6
能力,音楽技能,0
素質,伐採Lv,0
素質,釣魚Lv,1
素質,採集Lv,0
素質,調合Lv,1

フラグ,基本服装セット,234;服装
フラグ,地位,1000;地位
フラグ,初期位置,239;開始位置
フラグ,来訪時間,780;13時
フラグ,帰宅時間,1440;24時
フラグ,起床時間,660;11時
フラグ,經常去的地方,2;人里
フラグ,就寝時間,180;3時
フラグ,自宅位置,230;呑屋小道
;フラグ,移動率補正,
フラグ,移動節度,1
フラグ,口調,1
相性,10,150;萃香
CSTR,工作情報,給仕　水～日　18時～2時
CSTR,職場,鯢呑亭
CSTR,10,～夢幻酒場「鯢呑亭」の看板娘～　●種族：座敷童子　●能力：？

フラグ,産休タイプ,1；40日目から休む