番号,5,
名前,桑尼米爾克,
呼び名,桑尼,
基礎,体力,1800
基礎,気力,1200
基礎,勃起,1500
基礎,精力,10000
基礎,法力,700
基礎,情緒,1500
基礎,理性,1000
基礎,憤怒,1000
基礎,工作量,0
基礎,深度,1000
基礎,酒気,1200
素質,処女,1
素質,性別,1
素質,性的兴趣,1;好奇心
素質,開朗／阴郁,1;開朗
素質,無知,1
素質,自己愛,1;解放
素質,痛覚,-1;不怕痛
素質,体型,-2;幼児体型
素質,Ｂ感度,1;Ｂ敏感
素質,胸圍,-1;貧乳
;素質,態度4,
素質,日光浴,1
素質,幼稚,1
素質,妖精,1
能力,Ｃ感覚,1
;能力,Ｖ感覚,2
能力,Ｂ感覚,1
能力,親密,2
能力,欲望,2
能力,技巧,2

能力,清掃技能,0
能力,話術技能,0
能力,戦闘能力,1
能力,教養,0
能力,料理技能,0
能力,音楽技能,1
素質,伐採Lv,1
素質,釣魚Lv,2
素質,採集Lv,3
素質,調合Lv,0

経験,自慰経験,5
フラグ,大家候補,35
フラグ,居住必要信賴度,50
フラグ,基本服装セット,105;服装
フラグ,地位,200;地位
フラグ,初期位置,32;開始位置
フラグ,神社在住,32
フラグ,来訪時間,540;9時
フラグ,帰宅時間,1080;18時
フラグ,就寝時間,1440;24時
フラグ,起床時間,360;6時
フラグ,自宅位置,50
フラグ,423,3;湖来訪率補正
フラグ,經常去的地方,5
フラグ,移動率補正,5
フラグ,移動節度,-1
フラグ,弾幕特能,4
フラグ,口調,2
相性,1,150;霊夢
相性,6,150;露娜
相性,7,150;斯塔
相性,14,120;琪露諾
CSTR,工作情報,玩遊戲　土・日　10時～17時
CSTR,職場,桑尼私室

CSTR,10,～喜歡悪作劇的日之光～　●種族：妖精　●能力：折射光線程度的能力