番号,88,
名前,幽谷 響子,
呼び名,響子,
基礎,体力,1800
基礎,気力,1500
基礎,勃起,1500
基礎,情緒,1500
基礎,理性,1000
基礎,憤怒,1000
基礎,深度,3000
基礎,酒気,1300
素質,処女,1;処女
素質,性別,1;女
素質,応答,1;傲慢
素質,性的兴趣,1;好奇心
素質,開朗／阴郁,1;開朗
素質,喜歡引人注目,1
素質,貞操,-1;不在乎貞操
素質,痛覚,1;怕痛
素質,習得速度,1;学習快
素質,容易自慰,1
素質,体型,-1;矮小体型
素質,Ｃ感度,1;Ｃ敏感
素質,Ａ感度,-1;Ａ鈍感
素質,Ｂ感度,1;Ｂ敏感
素質,胸圍,-1;貧乳
素質,鼓舞,1
素質,動物耳,3;犬耳
素質,音楽知識,2;歌唱知識
素質,音感,2;絶対音感
素質,掃除係,1
素質,妖怪,6;妖獣
能力,奉仕精神,1
能力,露出癖,1

能力,清掃技能,3
能力,話術技能,1
能力,戦闘能力,1
能力,教養,1
能力,料理技能,1
能力,音楽技能,3
素質,伐採Lv,0
素質,釣魚Lv,0
素質,採集Lv,2
素質,調合Lv,0

経験,自慰経験,3
経験,清掃経験,10
経験,歌唱経験,30
フラグ,基本服装セット,188;服装
フラグ,地位,300;地位
フラグ,初期位置,136;開始位置
フラグ,来訪時間,720;12時
フラグ,帰宅時間,1320;22時
フラグ,就寝時間,0;0時
フラグ,起床時間,360;6時
フラグ,經常去的地方,1
フラグ,自宅位置,140;命蓮寺方丈
フラグ,弾幕特能,128
フラグ,口調,0
相性,28,120;みすちー
相性,55,150;白蓮
CSTR,10,～誦經的山彦～　●種族：山彦　●能力：可以反射声音程度的能力