1,既成事實
;(BIT 0=接吻 1=诶嘿嘿 2=恋人 3=A 4=SM)
2,好感度
3,異常経験
4,信賴度
6,態度
7,基本服装セット
8,服装option
10,掌握把柄
11,被掌握把柄
12,约会中
13,约会後イベントフラグ
14,允许无套
15,跳蛋挿入
16,跳蛋A挿入
17,指出缺点
18,面識
19,合意判定
20,宴会参加
;（0=不参加 1=参加 2=主催者 3=脱落済み）

30,神社在住
;CFLAG:神社在住は「MAIN_MAPの住人である場合に自室の場所ID（拠点Map版）を記録」している（MAIN_MAPに住んでいない場合は0）
31,继承
;(BIT 0=恋慕 1=恋人 2=自慰狂 3=淫壺 4=尻穴狂 5=淫乳 6=接吻魔)
32,大家候補
33,居住必要信賴度
34,家賃
35,固有指令
36,口上実装状況
;37,固有料理
;LEARNED_MENUへ移行,固有料理の経験値,100以上でラーニング済み,一度覚えると100+DAYに変化

;40,偷情败露

41,オナバレ
;(1=目撃された 2=見られてキレた 3=ヤられちゃった)
42,夜這い
;(BIT 0=ソフト1=性騷擾2=ガチ性騷擾3=合意非挿入4=合意ックス5=レイプ6=説得7=逃亡8=侵入成功)
43,ヤラせちゃった
;合意無で行為に及んだ場合つく


;100～139まで胖次管理に使用中（4.600proto現在）

;CFLAG:200～239はノーマル服装パターン記憶用
;CFLAG:240～260は睡衣パターン記憶用



284,勃起度
285,勃起度２
286,膣内射精
287,肛門射精
288,口内精液
289,脸上精液
290,手上精液
291,没穿内裤
292,無自覚破瓜用
293,胖次2
294,你の胖次
295,ただならぬ開放感ソース追加

300,現在位置
301,前一次的位置
310,地位
311,初期位置
;CFLAG:初期位置は一日を開始した時点での各角色の開始位置、拠点Map上の位置を記録してある
;MAIN_MAPの住人でない場合にはSUKIMA()送りになっている（＝99）
;これを使用だけでは自室の位置はわからない（MAIN_MAPに住んでいない角色の情報がわからない）
;MAIN_MAPの住人だとCFLAG:神社在住と同じ、CHARAxx.CSVを参照すると拠点での自室位置がわかる
;312,起床時間
;時刻系はCFLAG:350～を見よ
313,睡眠
;314,起床時間
;315,就寝時間
316,衰弱
317,诶嘿嘿
318,ブチギレ
319,同室
320,同行
321,幽閉
322,心情不快
323,風呂
324,情事目撃
325,行動
326,職場
327,行動時間
328,徹夜
329,同行準備
330,隠密中
331,恶作剧
332,味覚嗜好
333,延迟
334,陪睡中
335,大掃除
336,招待
337,遭遇位置
338,清い交際
339,体目当て
340,积攒度
341,時間停止換装
;342,休日移動済
343,睡衣
344,時間停止行動
345,時間停止バレ
346,现在忙得抽不出手
347,自慰过了
348,片付け工作量
349,片付け場所

350,職種
;(40,清掃 41,会話 42,戦闘 43,教養 44,料理 45,音楽 46,玩耍 47,商売中 48,宴会の準備 49,宴会に参加 50,片づけ 51,宴会後の酔い 52,女子会 53,調合)
351,身体測定
352,来訪時間
353,帰宅時間
354,就寝時間
355,起床時間
356,經常去的地方
357,出現位置
358,自宅位置
;CFLAG:自宅位置は「おでかけMap上の自宅位置」を示し、待客室の入り口の判定に使われている
;拠点Mapでは使えない点に要注意
359,拠点来訪
360,出禁
361,全年
362,翌日来訪
363,移動率補正
364,移動節度
365,最後に来訪した日
366,来訪抑制値
367,素材販売
370,眠姦発覚
371,眠姦口上有
372,時間停止口上有
373,扮演口上有
374,破瓜中止口上有
375,口上内抱き寄せ判定_初回
376,口上内抱き寄せ判定_通常
377,推倒禁止
378,今日の運勢
379,来訪不能
380,魔力回収
381,小槌
382,変異前的形状
383,バレンタイン
384,最後に会った日
385,清醒劑
386,本来の初期位置
387,获得的礼物
;MASTERは任意でお気に入りにした贈り物,CHARAはお気に入りの贈り物
388,送出的礼物
;MASTERは贈り物を渡した述べ回数と最後に贈り物を渡した角色の履歴,CHARAはMASTERに送出的礼物
389,礼物保管库
;MASTERは事前に買っておいた贈り物,CHARAは最後に获得的礼物
390,生活時間補正
391,口調
399,每日礼物
;銭湯関連はTFLAGのみに移行
;400,大衆浴場总入浴次数
;401,旧地獄温泉总入浴次数
;402,旧地獄温泉特殊事件

403,依頼状況
;パターンを細分化した
;   -1　依頼発生直後/ 1　依頼未受託/ 2　依頼中/ 3　依頼達成/ 4　期限切れ/ 5　報告忘れ/ 6　依頼失敗/
;    103 依頼終了（成功）/104 依頼終了（期限切れ）/105 依頼終了（報告忘れ）/106 依頼終了（失敗）
404,依頼内容

410,
411,依頼対象１
412,依頼対象２
413,依頼対象３
414,依頼対象４
415,依頼対象５
416,依頼対象６
417,依頼対象７
418,依頼対象８
419,依頼対象９

;420~431は各拠点Mapへの来訪補正にする予定

;450~461は出現位置に

500,喜欢的体位
501,肛門開発許可
502,処女喪失記念日
503,処女喪失対象
504,処女喪失对手
505,童貞喪失記念日
506,童貞喪失对手
507,尻穴処女喪失記念日
508,尻穴処女喪失対象
509,尻穴処女喪失对手
510,初吻喪失記念日
511,初吻喪失对手
512,初吻喪失対象
513,Ａ破瓜違和感確認

515,累計膣内精液
516,累計肛門精液
517,累計精飲
518,累計精浴

519,累計膣内射精
520,累計肛門射精
521,累計口内射精
522,累計精浴射精

523,累计射精
524,子宫精液

526,潜伏状態
;(0=潜伏 1=探索 2=会話）
527,睡眠姦
;(0=無 1=恶作剧 2=睡眠姦)
528,烂酔奸
529,不會喝酒
530,强行内射
531,陰毛

550,害羞
551,誘惑
552,積極性
553,攻

560,性格傾向
561,自動喘息
562,別顔有
563,別立ち有
564,差し替え適用


591,Ｖ過濾器
592,Ａ過濾器
595,奉仕過濾器
596,ＳＭ過濾器

597,性騷擾過濾器
598,自動ゴム


;CFLAG:600～639はお気に入り衣装パターン記憶用
;CFLAG:650は衣装セットIDを指定する
;ただし、300ならお気に入り衣装、301なら针织衫、302なら全裸が指定される
650,睡衣指定
651,きょうのぱんつ
652,睡衣胖次
653,指定胖次

655,套装,;お気入り衣装を設定したかどうか、送り仮名がややこしいのでひらがなにします
656,衣装一時変更,;これ立っているときは服を脱がす指令を実行するまで便装に戻らない

661,きょうのブラ
662,睡衣ブラ
;653,指定ブラ;とりあえず実装はしない
663,上半身内衣確認
664,下半身内衣確認
665,睡衣上半身内衣確認
666,睡衣下半身内衣確認

;CFLAG:700　着替え実行フラグ（MASTERの目の前でのTARGETのお着替え処理）
;これ稍微工夫すればお風呂の着替えや睡衣着替えにも応用効きそうです
700,着替え実行

;881~889,子の父
899,膣内精液

900,生理周期,;7で危険日
901,子宮内精子
902,妊娠
903,妊娠経過日数
904,乳品质提升
905,回復速度降低
906,無自覚妊娠
907,由于妊娠而追加尺寸
908,出産経過日
909,育児人数
910,身に覚え_母
911,妊娠自覚状態
912,兒童人数
913,子宝補正
914,産休中
915,身に覚え_父
916,産休タイプ
917,誰の子

919,妖怪変化
920,路人顔パターン
921,败犬
922,路人子セーブスロット
923,路人子GID_服_通常
924,路人子GID_服_笑顔
925,路人子GID_服_憤怒
926,路人子GID_裸_通常
927,路人子GID_裸_笑顔
928,路人子GID_裸_憤怒

930,弾幕勝負勝利
931,弾幕特能
;(BIT 0=言笑自若1=温柔敦厚2=勇気凛々3=豪放磊落4=怪力乱神5=洽覧深識6=残忍酷薄7=乾坤一擲8=狷介孤高9=幽愁暗恨)
932,斗虫直接勝利

950,種付けられ自覚
951,口球口上有

998,口上セレクタ,;口上及びオプションでの使用はお控えください
999,口上用引継ぎ枠,;周回しても維持されます
;CFLAG:1000～1999	 口上用確保領域
;CFLAG:TARGET:(TARGET + 2000) 各角色的子宮内射精量 (TARGET + 2000 結果區間預留為2000～2499)
;CFLAG:TARGET:(TARGET + 2500) 各角色對某對象的累計射精量 (TARGET + 2500 結果區間預留為2500～2999)
;CFLAG:TARGET:(TARGET + 3000) 各角色的腔内射精量 (TARGET + 3000 結果區間預留為3000～3499)
;CFLAG:TARGET:3100附近的變量已被部分口上使用（目前發現K31、K38有使用），因此使用3000~3499範圍内的變量時需謹慎