0,休憩FLAG
1,SYS_EVENT起動FLAG
2,長筒襪着用
3,宴会的有無
4,難易度
5,游戏模式
6,情景文本設定
7,口上文本設定
;文本を表示しない設定時		FLAG:6=0 FLAG:7=-1
;情景文本のみ設定時		FLAG:6=1 FLAG:7=-1
;口上文本+情景文本設定時	FLAG:6=1 FLAG:7= 2
9,每日变更事件
10,陥落人数
11,周回数
12,本日の累計好感度上昇量


15,住宿人物
;神社の住宿事件でやってきた角色の登録番号を記録
;対象角色はCFLAG:神社在住がたつ、初期位置は16の破舊小屋

;16,空的部屋角色,住宿人物と統合,もし住宿人物の２つ目を使用ことになったらこれを使って下さい
17,偷情人数
;現状ではFLAG:17は@EVENTTURNENDでリセットされるので使用したい場合は修正して下さい
18,警告牌使用
19,享用処女
20,料理
;21,料理オプション
;(bit=0:メニュー手動決定,1:異物混入不可,2:薬物混入不可,10:自動味付け_普通,11:自動味付け_濃い,12:自動味付け_单薄的)

;宴会関係---------
30,宴会開催FLAG,;(0=宴会無 1=霊夢一时兴起的酒宴)
31,宴会規模,;(工作量として設定される)
32,宴会会場
33,開始時間
34,開始日
35,参加人数
36,悪天候中止FLAG;(0=無 1=中止あり)
37,宴会差し入れ
;-----------------

41,委托接口１
42,委托接口２
43,委托接口３
44,委托接口４
45,委托接口５

50,追加恋人枠

;FLAG:50～59 各訪問者の訪問フラグ　だったけどCFLAG:拠点来訪に移行するよ
;FLAG:50:bit表記:0魔理沙,1るみゃ,2大ちゃん,3⑨,4咲夜,5蕾米莉亜,6愛麗絲,7白百合,8黒百合、9-10-11普利茲姆利巴ズ,12妖夢,13-14-15八雲家,16莉格露,17みすちー,18あやや,19映姫様,20-21-22山の神様たち,23天子,24衣玖さん,25-26-27地霊組,28ナズー,29たったらーん,30鵺,31極ん,32華扇,33艾倫,34理香子,35明羅,
;FLAG:50:bit表記:36里香,37露易茲,38覚様,39芙兰ちゃん,40荷取ん,41鈴仙,42帝,43パチェ,44ひじりん,45神子様,(46心,意味無),47めーりん,48こぁ,49帕露西,50もこたん,51姫様,52影狼,53勇儀,54椛,55ゆゆ様,56けーね,57ゆうかりん,58猯藏,59小鈴,(60針妙丸・意味無),61永琳,62赤蛮奇,63蕾蒂
;FLAG:51:bit表記:0メディ,1小町,2静葉,3穣子,4雛,5阿求,6蓮子,7梅莉,8琪斯美,9山女,10一輪,11村紗,12星,13響子,14芳香,15にゃんにゃん,16トジ,17フト,18わかさぎ,19弁弁,20八橋,21雷鼓,22正邪,23依姫,24豊姫,25鈴仙二號,26朱鷺子,27神綺,28夢子,29雪,30​舞​,31菫子,32清蘭,33鈴瑚,34哆来咪,35探女,
;FLAG:51:bit表記:36克勞恩皮絲,37純狐,38ヘカ,39先代,40,41,42,43,44,45,46,47,48,49,50,51,52,53,54,55,56,57,58,59,60,61,62,63

69,寻找委托
70,時間停止
71,禁自慰
72,抱負
73,约会的对象
74,道具購入済み
75,新聞購読
76,神簽契約
77,路人孕ませ数
78,篤信
80,気温
81,最高気温
82,最低気温
83,下雨几率
84,畑拡張
85,澆水代行
86,收藏隙間
87,C隙間自動仕様
88,自動縁結び
89,異常気象
90,加護
91,野菜娘デイリー
92,守矢10連ガチャキャンペーン
93,可疑商品品質
94,可疑商品購入日
95,可疑商品効果
96,傘耐久度
97,ミラダ支給
98,路人子管理
99,潜伏
;0 = 潜伏, 1 = 探索, 2 = 会話
100,風チラCT
101,特殊训练,;先代口上用 原100

200,気絶中断
;300～499は使用せぬこと（UP约会でリセットがかかります）
;550～559,各角色の祈願による来訪フラグ
560,祈願内容
561,精力強化回数
562,大掃除
563,重婚可能人数
564,恋慕特典
565,恋慕特典2
566,恋人特典
567,恋人特典2

580,子宝祈願
581,守矢约会権
582,一時滞在
590,天滴坤神
591,チュート文累計
592,チュートBOUNS進行
593,チュート文速度
594,チュートログ

;601～690,各訪問者のばったりフラグ

700,獲得胖次種数
701,実績解除システム
702,実績解除システム２
703,好感度BOUNS取得状況
704,面識BOUNS取得状況
705,胖次BOUNS取得状況
706,陥落BOUNS取得状況
707,孕ませBOUNS取得状況
708,技能BOUNS取得状況
709,弾幕勝負BOUNS取得状況

800,畑１的作物
801,畑１的种植天数
802,畑１的生长度
803,畑１还没浇水
804,畑２的作物
805,畑２的种植天数
806,畑２的生长度
807,畑２还没浇水

;小作人你用
820,地主
821,田地工作的成果
822,年貢
823,農民難易度
824,地主貸付金
825,年始貸付金
826,返済延滞回数
827,収穫納入回数
828,累積収穫評価
829,前回収穫評価

;紅魔賭場関連フラグ830-839
;カモられ指数はVIPルーム向けに作ったが仕様固まりきらなくて保留中
830,カモられ指数

831,筹码流通
832,筹码人気
833,筹码変動状況
834,筹码変動累積
835,会員ランク
836,￥流通
837,￥人気
838,￥変動状況
839,￥変動累積
840,前回筹码設定月
841,赌场訪問日
842,賭場訪問日

850,掃除中毒
851,原本体格
852,開運大紋購入回数
853,胖次輸送
860,酒虫
861,最後一次訪问酒屋日期
862,酒屋里的累積購入額
863,酒屋的累積転売利益
864,酒屋的売却率FLAG
865,酒屋買取強化
866,原木種類
867,最後に木材商に訪れた日
868,最後に製材所に訪れた日
869,最後に家具屋に訪れた日
870,作成中家具
871,家具作成残り
872,土産屋特价销卖
873,潜伏場所
874,市場の神

880,ファッション

;900-910 路人好感度

998,守矢神簽约会的对象
;约会的对象の角色番号格納
999,神簽と守矢神簽関係
;bit表記 0:神簽選択済, 1:神簽今日引いたか, 2:守矢神簽選択済, 3:守矢神簽入れ替え可能
1000,版本升级処理
;1001～1999,オプション及びバリアント初期設定
1001,消耗品自動購入
1002,垃圾显示OFF
1003,能力表示一覧
1004,能力表示詳細
1005,随时都能睡觉
1006,避妊
1007,生理周期可視化
1008,状态表示用
1009,テストプレイ用オナバレ強制発生
1010,配药経験
1011,借书
1012,借书返还期限
1013,快速过滤;（bit,0=onoff,1=V,2=A,3=愛撫,4=道具,5=奉仕,6=SM 7=性騷擾）
1014,停下脚步
1015,推倒
1016,瞬間移動
1017,住宿事件

;1018,AA表示 廃止して

1019,移動先表示
;1020,改築
1021,自室施錠
1022,泳池
;(bit,0=自走 1=温水 2=淋浴 3=不思議な泡)
1023,出禁人数
1024,交流来訪模式
1025,妊娠開关
1026,USERCOM開关
;（bit,0=污渍显示 1=相手を変える 2=能力表示 3=能力表示（マ斯塔）4=Ｖ过滤器 5=Ａ过滤器 6=愛撫过滤器 7=道具过滤器 8=奉仕过滤器 9=？ 10=性騷擾过滤器 11=指令过滤器 12=履歴表示 13=自動時止め移動）
1027,脱衣選択,;(1=全裸 2=半脱)
1028,察知模式
1029,胖次泥棒,;(1=毎回くすねる 2=毎回脱がすだけ)
1030,扮演
1031,口上色
1032,Look表示用乳房
1033,Look表示用乳頭
1034,能力表記
1035,Counter地文控制
1036,セクシー胖次追加
1037,スキップムーブ
1038,内職
1039,ABLUP省略
1040,甲斐性無
1041,画像表示設定,;ON/OFF
1042,画像表示,;ON/OFF 兼表示人数
1043,画像表示位置,;PRINT_TARGET_IMAGEの描画align値 0=center 1=left
1044,アニメーション,;画像アニメーション設定 兼繰り返し回数 0～5
1045,画像枠表示,;画像に枠をつけるか ON/OFF
1046,射精画像種類,;0～2　0.断面+効果音　1.断面のみ　2.効果音のみ
1047,立絵種類,;0で立絵 1で顔絵
1048,挿絵表示,;挿絵のみ(正常位アニメ)の表示設定　AAの替え(受精のほう)には効かないやつ
1049,挿入アニメ过滤器,;挿入アニメを表示不会うにする(bit 0=挿入中 1=絶頂 2=射精)
1050,胖次収集状況タイプB
1051,ＦＫ判定,;bit 1=自覚無しでも記録 2=阴茎でも記録
1055,家事過濾器

1060,陥落路線変化
1061,告白禁止
1062,無知自動喪失禁止
1063,兒童描写
1064,好意理性短縮
1065,兒童の性別
;1066,自動喘息
1067,依頼スルー
;1068,引継ぎ設定保存済み
1069,巨乳差分表示
1070,追加エフェクト
1071,自慰画像非表示
1072,多尺寸
1073,自動掃除
1074,並び替え
1075,おもらし有効
1076,採集再抽選
1077,背景色推移
1078,カウンター制裁,;反制裁
1079,アナル開発無効,;肛门开发无效
1080,風チラ発生,;发生风寒

1098,魔法强度
1099,魔法印记开关

;1100～1299,各部屋の人数

;1500～1599は乐谱所持用

6400,蟲の採集サービス,;虫采集服务
2021,XRay_show
6666,催眠強度
219,睡四小时
236,不会生气

;此处用于修复一切奇奇怪怪的bug时需要用到新全局变量时提供需要的变量，希望不会出问题……？
240,取消修復
