;完全リソース名,パック済ファイル名,パック内位置X,パック内位置Yリソース幅,リソース高さ,元ファイル中位置X,元ファイル中位置Y,;
钟表_00_00,tokei.webp,0,0,100,100
钟表_00_05,tokei.webp,100,0,100,100
钟表_00_10,tokei.webp,200,0,100,100
钟表_00_15,tokei.webp,300,0,100,100
钟表_00_20,tokei.webp,400,0,100,100
钟表_00_25,tokei.webp,500,0,100,100
钟表_00_30,tokei.webp,600,0,100,100
钟表_00_35,tokei.webp,700,0,100,100
钟表_00_40,tokei.webp,800,0,100,100
钟表_00_45,tokei.webp,900,0,100,100
钟表_00_50,tokei.webp,1000,0,100,100
钟表_00_55,tokei.webp,1100,0,100,100
钟表_01_00,tokei.webp,0,100,100,100
钟表_01_05,tokei.webp,100,100,100,100
钟表_01_10,tokei.webp,200,100,100,100
钟表_01_15,tokei.webp,300,100,100,100
钟表_01_20,tokei.webp,400,100,100,100
钟表_01_25,tokei.webp,500,100,100,100
钟表_01_30,tokei.webp,600,100,100,100
钟表_01_35,tokei.webp,700,100,100,100
钟表_01_40,tokei.webp,800,100,100,100
钟表_01_45,tokei.webp,900,100,100,100
钟表_01_50,tokei.webp,1000,100,100,100
钟表_01_55,tokei.webp,1100,100,100,100
钟表_02_00,tokei.webp,0,200,100,100
钟表_02_05,tokei.webp,100,200,100,100
钟表_02_10,tokei.webp,200,200,100,100
钟表_02_15,tokei.webp,300,200,100,100
钟表_02_20,tokei.webp,400,200,100,100
钟表_02_25,tokei.webp,500,200,100,100
钟表_02_30,tokei.webp,600,200,100,100
钟表_02_35,tokei.webp,700,200,100,100
钟表_02_40,tokei.webp,800,200,100,100
钟表_02_45,tokei.webp,900,200,100,100
钟表_02_50,tokei.webp,1000,200,100,100
钟表_02_55,tokei.webp,1100,200,100,100
钟表_03_00,tokei.webp,0,300,100,100
钟表_03_05,tokei.webp,100,300,100,100
钟表_03_10,tokei.webp,200,300,100,100
钟表_03_15,tokei.webp,300,300,100,100
钟表_03_20,tokei.webp,400,300,100,100
钟表_03_25,tokei.webp,500,300,100,100
钟表_03_30,tokei.webp,600,300,100,100
钟表_03_35,tokei.webp,700,300,100,100
钟表_03_40,tokei.webp,800,300,100,100
钟表_03_45,tokei.webp,900,300,100,100
钟表_03_50,tokei.webp,1000,300,100,100
钟表_03_55,tokei.webp,1100,300,100,100
钟表_04_00,tokei.webp,0,400,100,100
钟表_04_05,tokei.webp,100,400,100,100
钟表_04_10,tokei.webp,200,400,100,100
钟表_04_15,tokei.webp,300,400,100,100
钟表_04_20,tokei.webp,400,400,100,100
钟表_04_25,tokei.webp,500,400,100,100
钟表_04_30,tokei.webp,600,400,100,100
钟表_04_35,tokei.webp,700,400,100,100
钟表_04_40,tokei.webp,800,400,100,100
钟表_04_45,tokei.webp,900,400,100,100
钟表_04_50,tokei.webp,1000,400,100,100
钟表_04_55,tokei.webp,1100,400,100,100
钟表_05_00,tokei.webp,0,500,100,100
钟表_05_05,tokei.webp,100,500,100,100
钟表_05_10,tokei.webp,200,500,100,100
钟表_05_15,tokei.webp,300,500,100,100
钟表_05_20,tokei.webp,400,500,100,100
钟表_05_25,tokei.webp,500,500,100,100
钟表_05_30,tokei.webp,600,500,100,100
钟表_05_35,tokei.webp,700,500,100,100
钟表_05_40,tokei.webp,800,500,100,100
钟表_05_45,tokei.webp,900,500,100,100
钟表_05_50,tokei.webp,1000,500,100,100
钟表_05_55,tokei.webp,1100,500,100,100
钟表_06_00,tokei.webp,0,600,100,100
钟表_06_05,tokei.webp,100,600,100,100
钟表_06_10,tokei.webp,200,600,100,100
钟表_06_15,tokei.webp,300,600,100,100
钟表_06_20,tokei.webp,400,600,100,100
钟表_06_25,tokei.webp,500,600,100,100
钟表_06_30,tokei.webp,600,600,100,100
钟表_06_35,tokei.webp,700,600,100,100
钟表_06_40,tokei.webp,800,600,100,100
钟表_06_45,tokei.webp,900,600,100,100
钟表_06_50,tokei.webp,1000,600,100,100
钟表_06_55,tokei.webp,1100,600,100,100
钟表_07_00,tokei.webp,0,700,100,100
钟表_07_05,tokei.webp,100,700,100,100
钟表_07_10,tokei.webp,200,700,100,100
钟表_07_15,tokei.webp,300,700,100,100
钟表_07_20,tokei.webp,400,700,100,100
钟表_07_25,tokei.webp,500,700,100,100
钟表_07_30,tokei.webp,600,700,100,100
钟表_07_35,tokei.webp,700,700,100,100
钟表_07_40,tokei.webp,800,700,100,100
钟表_07_45,tokei.webp,900,700,100,100
钟表_07_50,tokei.webp,1000,700,100,100
钟表_07_55,tokei.webp,1100,700,100,100
钟表_08_00,tokei.webp,0,800,100,100
钟表_08_05,tokei.webp,100,800,100,100
钟表_08_10,tokei.webp,200,800,100,100
钟表_08_15,tokei.webp,300,800,100,100
钟表_08_20,tokei.webp,400,800,100,100
钟表_08_25,tokei.webp,500,800,100,100
钟表_08_30,tokei.webp,600,800,100,100
钟表_08_35,tokei.webp,700,800,100,100
钟表_08_40,tokei.webp,800,800,100,100
钟表_08_45,tokei.webp,900,800,100,100
钟表_08_50,tokei.webp,1000,800,100,100
钟表_08_55,tokei.webp,1100,800,100,100
钟表_09_00,tokei.webp,0,900,100,100
钟表_09_05,tokei.webp,100,900,100,100
钟表_09_10,tokei.webp,200,900,100,100
钟表_09_15,tokei.webp,300,900,100,100
钟表_09_20,tokei.webp,400,900,100,100
钟表_09_25,tokei.webp,500,900,100,100
钟表_09_30,tokei.webp,600,900,100,100
钟表_09_35,tokei.webp,700,900,100,100
钟表_09_40,tokei.webp,800,900,100,100
钟表_09_45,tokei.webp,900,900,100,100
钟表_09_50,tokei.webp,1000,900,100,100
钟表_09_55,tokei.webp,1100,900,100,100
钟表_10_00,tokei.webp,0,1000,100,100
钟表_10_05,tokei.webp,100,1000,100,100
钟表_10_10,tokei.webp,200,1000,100,100
钟表_10_15,tokei.webp,300,1000,100,100
钟表_10_20,tokei.webp,400,1000,100,100
钟表_10_25,tokei.webp,500,1000,100,100
钟表_10_30,tokei.webp,600,1000,100,100
钟表_10_35,tokei.webp,700,1000,100,100
钟表_10_40,tokei.webp,800,1000,100,100
钟表_10_45,tokei.webp,900,1000,100,100
钟表_10_50,tokei.webp,1000,1000,100,100
钟表_10_55,tokei.webp,1100,1000,100,100
钟表_11_00,tokei.webp,0,1100,100,100
钟表_11_05,tokei.webp,100,1100,100,100
钟表_11_10,tokei.webp,200,1100,100,100
钟表_11_15,tokei.webp,300,1100,100,100
钟表_11_20,tokei.webp,400,1100,100,100
钟表_11_25,tokei.webp,500,1100,100,100
钟表_11_30,tokei.webp,600,1100,100,100
钟表_11_35,tokei.webp,700,1100,100,100
钟表_11_40,tokei.webp,800,1100,100,100
钟表_11_45,tokei.webp,900,1100,100,100
钟表_11_50,tokei.webp,1000,1100,100,100
钟表_11_55,tokei.webp,1100,1100,100,100

;MAP_IMG1,0001 HAKUREI Shrine.png