2,射精箇所
3,コンドーム
4,射精快感強度

12,射精した箇所フラグ
;（1=膣内 2=アナル 3=手淫 4=口淫 5=パイズリ 6=素股 7=足コキ 8=体表 9=アナル奉仕 10=道具 11=触手）

15,破瓜
16,
17,Ａ破瓜
20,カウンター行動
21,カウンター行動の派生

30,カウンター行動決定フラグ

40,避妊
50,口上出力用射精箇所
60,表示カット
61,童貞喪失
62,Ａ喪失発生

100,V挿入管理フラグ
101,A挿入管理フラグ

;（1ターン持続）
102,Vに中出しされたフラグ
104,Aに中出しされたフラグ

103,Vに中出ししたキャラの番号
105,Aに中出ししたキャラの番号

106,快楽強度
107,イきそう
108,奉仕フラグ
109,ピル
111,射精ゲージ増加量
112,嗜虐フラグ
115,勃起判定
117,懇願
118,焦らし回数
120,体勢
121,体勢制御
122,位置関係
123,位置関係制御

130,馴れ合い
131,時姦刻印取得用
132,怒り
133,泥酔姦バレ
134,抱きつき禁止時間
135,不誠実度

138,飴
139,惚れ薬
140,媚薬
141,利尿剤
142,発情
143,特別なお茶
;(0=紅茶, 1= )
144,お薬
145,泥酔
146,待たぬ
147,欲求不満度管理
148,睡眠薬強度
;(0=通常睡眠　1=深い睡眠　2=非常に深い睡眠　3=昏睡)
149,睡眠深度
150,睡眠薬お茶使用

160,料理総評価値
161,料理好評価値
162,料理悪評価値

170,願掛け補正

180,自覚
181,抱き寄せ初回
182,今日会ったか
183,キスキャンセル
184,依頼を聞いた
185,なるべく動かない

190,着替え
191,アナザー普段着

200,無理矢理
201,YARASERO_REASON



250,子供空腹度
251,子供空腹カウント

298,演奏参加
299,演奏日時
300,お茶日時
301,会話累計値
302,会話不能
303,スキンシップ日時
304,頭撫で日時
305,食事

;306,料理の時刻
;307,料理の鮮度

308,料理の味
;(bit0=普通 0=濃い味 1=薄味 3=激辛 4=激甘 5=ワサビ 6=レモン 21=媚薬 22=利尿剤 23=惚れ薬 24=睡眠薬)
309,寄り道日時
310,膝枕日時
;311,軽食時刻
312,空腹時刻
313,デザート空腹時刻
314,キス日時
315,手伝えない
316,給料
317,特殊イベント
318,お招き部屋の汚れ
319,連泊禁止
320,好きにして
321,特殊お仕事
322,仕事の有無
323,手伝った量
324,お礼
325,仕事開始
326,仕事終了
327,汚す量
328,休憩中
329,お宅訪問
330,本来の服装
331,感度上昇部位
332,誘惑時刻

;TCVAR:350〜399 口上用確保領域

400,Ｃ経験
401,Ｖ経験
402,Ａ経験
403,Ｂ経験
404,Ｍ経験
406,Ｃ絶頂経験
407,Ｖ絶頂経験
408,Ａ絶頂経験
409,Ｂ絶頂経験
490,Ｍ絶頂経験
;絶頂経験
410,絶頂経験
411,射精経験
412,噴乳経験
413,放尿経験
414,精液経験
415,精飲経験

;行動経験
420,Ｖ性交経験
421,Ａ性交経験
422,自慰経験
423,調教自慰経験
424,手淫経験
425,口淫経験
426,パイズリ経験
427,キス経験
428,道具使用経験

;精神経験
440,奉仕快楽経験
441,愛情経験
442,苦痛快楽経験
443,嗜虐快楽経験

;調教経験
450,調教経験
451,レズ経験
452,ゲイ経験
453,異常経験
454,Ｖ拡張経験
455,Ａ拡張経験
456,緊縛経験

;その他
470,清掃経験
471,会話経験
472,撮影経験
473,被写経験
474,戦闘経験
479,演奏経験
